kind,address,name,confidence,evidence,notes
global,0x80095638,rcossin_tbl,high,"RotMatrix, RotMatrix_gte, RotMatrixZYX_gte and RotMatrixYXZ_gte (text_063f04.s) all index it as ((|angle| & 0xFFF) << 2): a word whose low half is sin and high half cos, the sine negated for a negative angle. The native ports read it in place and reproduce the town-map camera and the card-viewer turn.","4096 {sin, cos} pairs of 1.3.12 shorts. rcossin_tbl is the Psy-Q LIBGTE name for this table; the name is inferred from the library, the layout is verified."
global,0x80094938,gPsyq_awSinQuarterTable,high,"sin_1 (0x800866E4) reads halfwords at index a for a <= 0x400, 0x800 - a up to 0x800, and the negated mirror above; rsin and rcos call sin_1 after masking to 0xFFF. sin_1 addresses the third quadrant through 0x80093938 + 2a, which is this table at index a - 0x800.","Quarter wave of sine, 0x401 halfwords. Distinct from rcossin_tbl: rsin/rcos use this one, the matrix builders the other."
global,0x800951A8,gPsyq_awSquareRootTable,high,"SquareRoot0 (0x80086E5C) normalizes its argument with the GTE leading-zero counter, indexes this table with ((normalized - 0x40) << 1) and shifts the entry by (31 - even_zero_count) >> 1, then >> 12. GsSetRefView2 and GsSetFlatLight vector lengths come out right through the native port (view test: reference point lands on the view axis at the true distance).","192 halfword entries for normalized inputs 0x40..0xFF."
global,0x800FE148,GsWSMATRIX,high,"GsSetRefView2 (0x8008AD50) builds the view matrix here from GsIDMATRIX2, the twist and the two axis rotations, stores the translated viewpoint in its t[], and returns 0; GsGetLsUnit and GsGetLwsUnit finish with GsMulCoord2(this, m).","World-to-screen matrix. The existing map row for Model_GetLightSourceMatrix (0x80059220) describes the same address as a light-source matrix: by this evidence it is the view matrix, and that row's note should be revisited."
global,0x800FE128,GsLIGHTWSMATRIX,high,"The last thing GsSetRefView2 does on success is copy the eight words of 0x800FE148 here.","Copy of the world-screen matrix kept for lighting."
global,0x800FE168,GsIDMATRIX,high,"Gssub_make_matrix (0x80086210) copies it into its output before writing one axis rotation's sine and cosine, i.e. it is the identity the rotation is laid over.","Identity matrix."
global,0x800FE188,GsIDMATRIX2,high,"GsSetRefView2 initializes the world-screen matrix from it before any rotation is applied.","Identity matrix used as the view's starting point (aspect-corrected identity in LIBGS)."
global,0x800FE0E8,gGs_LightDirectionMatrix,high,"GsSetFlatLight (0x800857F0) writes row `id` with the normalized, negated light vector ((-v << 12) / |v|) and stores the matrix back; GsSetLightMatrix (0x80085600) copies it, multiplies it by the caller's local-world matrix between PushMatrix/PopMatrix and passes the product to SetLightMatrix.","Three parallel-light directions in world space, one per row."
global,0x800FE240,GsOUT_PACKET_P,high,"GsSetWorkBase stores its argument here; GsScanUnit and GsSortUnit copy it into the driver scratch area (+0x10) and GsSortUnit refreshes that copy after every primitive driver returns; the resident DivideFT4 caller (display_object_helpers.c) passes it as the packet cursor and stores DivideFT4's return value back.","LIBGS output packet cursor."
global,0x800FE0C8,PSDCNT,high,"GsGetLwUnit, GsGetLsUnit and GsGetLwsUnit compare each coordinate's flg word with it to decide whether workm is already this frame's, and stamp flg with it after computing; libgs.c's GsSwapDispBuff port increments it and skips zero.","LIBGS frame counter used as the coordinate-cache stamp."
global,0x800FE278,gGs_apCoordWalkStack,high,"GsGetLwUnit/GsGetLsUnit/GsGetLwsUnit store each visited coordinate at [depth] on the way up to the root and read [depth - 1] back while multiplying down (the code addresses the read side as 0x800FE274 + depth * 4).","Coordinate hierarchy walk stack."
global,0x80099E48,gGs_pScanNextBlock,high,"GsScanUnit (0x80089F80) loads it from word 0 of the primitive block on the priming call and follows it when the per-block count runs out; 0xFFFFFFFF ends the scan.","GsScanUnit state: next primitive block."
global,0x80099E4C,gGs_pScanCursor,high,"GsScanUnit sets it past the three-word block header, reports *cursor as the type word, and advances it by one word plus the low half of word 1.","GsScanUnit state: current type word."
global,0x80099E50,gGs_pScanPrimHeader,high,"GsScanUnit loads it from word 1 of each block and copies its section pointers into the scratch area; GsGetHeadpUnit (0x8008A138) returns it and GsMapCoordUnit takes the coordinate section from its last entry.","GsScanUnit state: primitive header (section table) of the current block."
global,0x80099E54,gGs_wScanTypesLeft,high,"GsScanUnit loads it from the low half of word 2 of each block, decrements it per call and moves to the next block when it goes negative.","GsScanUnit state: type words left in the block."
function,0x80089910,lDivideFT4_EmitPacket,high,"Called four times by RCpolyFT4A (0x80089488) at the last division level with the corner pointers in t0-t3: writes a POLY_FT4 (colour word from DIVPOLYGON4+0x10, the four sxy and uv words, clut and tpage from +0xC/+0xE into the first two uv words), links it at the head of the ordering-table entry at +0x14 with length 9, and advances the packet pointer by 0x28. The native port built from this reading draws the card viewer's card correctly.","Leaf emitter of the FT4 subdivision; register-argument internal routine, not a C-callable function."
function,0x80041F90,DisplayObject_ProjectFacing,high,"Sets the geometry offset and screen, builds the object's Z-Y-X rotation from field_20..22 (RotMatrixZYX_gte), scales by field_44/46 unless GsROTOFF, and takes the NCLIP sign of a unit triangle (RotAverageNclip3_nom, gte_stopz). When field_10 is a callback it is called with that sign, and for a back-facing object the matrix's x and z columns are negated and the test repeated. With the callback never run (pointer-sign test on a host) the card viewer kept the front texture while showing the back; with it run, the back texture appears for the first half of the turn.","Chooses the visible face of a rotating display object. DisplayObject.field_10 is a face-change callback (CardPreview_UpdateVariant, DisplayObject_SetResourceVariantFromSign) or a small number; retail tells them apart by the sign of the word."
global,0x80099638,gPsyq_awArcTangentTable,high,"ratan2 (0x800899A0) divides the smaller of |x| and |y| by the larger scaled to 0..1024 and reads a halfword here; for |y| >= |x| it uses 0x400 minus the entry, then mirrors by the signs (0x800 - a for negative x, negation for negative y).","atan(n / 1024) for n = 0..1024 in 4096ths of a turn."
global,0x800FE268,gGs_dwScanAnimTypesLeft,high,"GsScanAnim (0x80089D30) loads it from the first word of the type table with the top bit cleared on the priming call, returns 0 when it reaches zero and decrements it per reported type.","GsScanAnim state."
global,0x800FE26C,gGs_pScanAnimTypeTable,high,"GsScanAnim's priming call stores the pointer found at word 2 of the block whose address sits two words before its argument.","GsScanAnim state: interpolation-driver type table."
global,0x800FE270,gGs_pScanAnimCursor,high,"GsScanAnim reports *cursor and its address through the GsTYPEUNIT argument and advances it one word per call.","GsScanAnim state."
function,0x800612C0,ModelDriver_FlatTri,high,"Hand-written GTE assembly read in full for the four shapes and by diff for the variants (notes/pc-build.md); the native port in src/pc/overrides/model_polygon_drivers.c is that reading and draws the Library's Ryu-Kishin model. This routine: RTPT, NCLIP back-face test, AVSZ3, NCCS; emits POLY_FT3, 5-word records.",HMD primitive driver for type 0x00200009; Model_GetPrimitiveHandler / func_8005FE44 select it.
function,0x8006151C,ModelDriver_GouraudTri,high,"Hand-written GTE assembly read in full for the four shapes and by diff for the variants (notes/pc-build.md); the native port in src/pc/overrides/model_polygon_drivers.c is that reading and draws the Library's Ryu-Kishin model. This routine: RTPT, NCLIP back-face test, AVSZ3, NCCT; emits POLY_GT3, 6-word records.",HMD primitive driver for type 0x0020000D; Model_GetPrimitiveHandler / func_8005FE44 select it.
function,0x800617E0,ModelDriver_FlatQuad,high,"Hand-written GTE assembly read in full for the four shapes and by diff for the variants (notes/pc-build.md); the native port in src/pc/overrides/model_polygon_drivers.c is that reading and draws the Library's Ryu-Kishin model. This routine: RTPT + RTPS, NCLIP back-face test, AVSZ4, NCCS; emits POLY_FT4, 6-word records.",HMD primitive driver for type 0x00200011; Model_GetPrimitiveHandler / func_8005FE44 select it.
function,0x80061A84,ModelDriver_GouraudQuad,high,"Hand-written GTE assembly read in full for the four shapes and by diff for the variants (notes/pc-build.md); the native port in src/pc/overrides/model_polygon_drivers.c is that reading and draws the Library's Ryu-Kishin model. This routine: RTPT + RTPS, NCLIP back-face test, AVSZ4, NCCT + NCCS; emits POLY_GT4, 7-word records.",HMD primitive driver for type 0x00200015; Model_GetPrimitiveHandler / func_8005FE44 select it.
function,0x80061DDC,ModelDriver_FlatTriTiled,high,"Hand-written GTE assembly read in full for the four shapes and by diff for the variants (notes/pc-build.md); the native port in src/pc/overrides/model_polygon_drivers.c is that reading and draws the Library's Ryu-Kishin model. This routine: RTPT, NCLIP back-face test, AVSZ3, NCCS; emits POLY_FT3, 5-word records, each polygon preceded by its own texture-window word and followed by a reset.",HMD primitive driver for type 0x00200209; Model_GetPrimitiveHandler / func_8005FE44 select it.
function,0x80062058,ModelDriver_GouraudTriTiled,high,"Hand-written GTE assembly read in full for the four shapes and by diff for the variants (notes/pc-build.md); the native port in src/pc/overrides/model_polygon_drivers.c is that reading and draws the Library's Ryu-Kishin model. This routine: RTPT, NCLIP back-face test, AVSZ3, NCCT; emits POLY_GT3, 6-word records, each polygon preceded by its own texture-window word and followed by a reset.",HMD primitive driver for type 0x0020020D; Model_GetPrimitiveHandler / func_8005FE44 select it.
function,0x8006233C,ModelDriver_FlatQuadTiled,high,"Hand-written GTE assembly read in full for the four shapes and by diff for the variants (notes/pc-build.md); the native port in src/pc/overrides/model_polygon_drivers.c is that reading and draws the Library's Ryu-Kishin model. This routine: RTPT + RTPS, NCLIP back-face test, AVSZ4, NCCS; emits POLY_FT4, 6-word records, each polygon preceded by its own texture-window word and followed by a reset.",HMD primitive driver for type 0x00200211; Model_GetPrimitiveHandler / func_8005FE44 select it.
function,0x80062600,ModelDriver_GouraudQuadTiled,high,"Hand-written GTE assembly read in full for the four shapes and by diff for the variants (notes/pc-build.md); the native port in src/pc/overrides/model_polygon_drivers.c is that reading and draws the Library's Ryu-Kishin model. This routine: RTPT + RTPS, NCLIP back-face test, AVSZ4, NCCT + NCCS; emits POLY_GT4, 7-word records, each polygon preceded by its own texture-window word and followed by a reset.",HMD primitive driver for type 0x00200215; Model_GetPrimitiveHandler / func_8005FE44 select it.
function,0x80062978,ModelDriver_FlatTriBothSided,high,"Hand-written GTE assembly read in full for the four shapes and by diff for the variants (notes/pc-build.md); the native port in src/pc/overrides/model_polygon_drivers.c is that reading and draws the Library's Ryu-Kishin model. This routine: RTPT, no NCLIP test, AVSZ3, NCCS; emits POLY_FT3, 5-word records.",HMD primitive driver for type 0x00300009; Model_GetPrimitiveHandler / func_8005FE44 select it.
function,0x80062BC0,ModelDriver_GouraudTriBothSided,high,"Hand-written GTE assembly read in full for the four shapes and by diff for the variants (notes/pc-build.md); the native port in src/pc/overrides/model_polygon_drivers.c is that reading and draws the Library's Ryu-Kishin model. This routine: RTPT, no NCLIP test, AVSZ3, NCCT; emits POLY_GT3, 6-word records.",HMD primitive driver for type 0x0030000D; Model_GetPrimitiveHandler / func_8005FE44 select it.
function,0x80062E70,ModelDriver_FlatQuadBothSided,high,"Hand-written GTE assembly read in full for the four shapes and by diff for the variants (notes/pc-build.md); the native port in src/pc/overrides/model_polygon_drivers.c is that reading and draws the Library's Ryu-Kishin model. This routine: RTPT + RTPS, no NCLIP test, AVSZ4, NCCS; emits POLY_FT4, 6-word records.",HMD primitive driver for type 0x00300011; Model_GetPrimitiveHandler / func_8005FE44 select it.
function,0x80063100,ModelDriver_GouraudQuadBothSided,high,"Hand-written GTE assembly read in full for the four shapes and by diff for the variants (notes/pc-build.md); the native port in src/pc/overrides/model_polygon_drivers.c is that reading and draws the Library's Ryu-Kishin model. This routine: RTPT + RTPS, no NCLIP test, AVSZ4, NCCT + NCCS; emits POLY_GT4, 7-word records.",HMD primitive driver for type 0x00300015; Model_GetPrimitiveHandler / func_8005FE44 select it.
function,0x80063444,ModelDriver_FlatTriTiledBothSided,high,"Hand-written GTE assembly read in full for the four shapes and by diff for the variants (notes/pc-build.md); the native port in src/pc/overrides/model_polygon_drivers.c is that reading and draws the Library's Ryu-Kishin model. This routine: RTPT, no NCLIP test, AVSZ3, NCCS; emits POLY_FT3, 5-word records, each polygon preceded by its own texture-window word and followed by a reset.",HMD primitive driver for type 0x00300209; Model_GetPrimitiveHandler / func_8005FE44 select it.
function,0x800636AC,ModelDriver_GouraudTriTiledBothSided,high,"Hand-written GTE assembly read in full for the four shapes and by diff for the variants (notes/pc-build.md); the native port in src/pc/overrides/model_polygon_drivers.c is that reading and draws the Library's Ryu-Kishin model. This routine: RTPT, no NCLIP test, AVSZ3, NCCT; emits POLY_GT3, 6-word records, each polygon preceded by its own texture-window word and followed by a reset.",HMD primitive driver for type 0x0030020D; Model_GetPrimitiveHandler / func_8005FE44 select it.
function,0x8006397C,ModelDriver_FlatQuadTiledBothSided,high,"Hand-written GTE assembly read in full for the four shapes and by diff for the variants (notes/pc-build.md); the native port in src/pc/overrides/model_polygon_drivers.c is that reading and draws the Library's Ryu-Kishin model. This routine: RTPT + RTPS, no NCLIP test, AVSZ4, NCCS; emits POLY_FT4, 6-word records, each polygon preceded by its own texture-window word and followed by a reset.",HMD primitive driver for type 0x00300211; Model_GetPrimitiveHandler / func_8005FE44 select it.
function,0x80063C2C,ModelDriver_GouraudQuadTiledBothSided,high,"Hand-written GTE assembly read in full for the four shapes and by diff for the variants (notes/pc-build.md); the native port in src/pc/overrides/model_polygon_drivers.c is that reading and draws the Library's Ryu-Kishin model. This routine: RTPT + RTPS, no NCLIP test, AVSZ4, NCCT + NCCS; emits POLY_GT4, 7-word records, each polygon preceded by its own texture-window word and followed by a reset.",HMD primitive driver for type 0x00300215; Model_GetPrimitiveHandler / func_8005FE44 select it.
function,0x80063F90,ModelDriver_FlatTriSemiTrans,high,"Hand-written GTE assembly read in full for the four shapes and by diff for the variants (notes/pc-build.md); the native port in src/pc/overrides/model_polygon_drivers.c is that reading and draws the Library's Ryu-Kishin model. This routine: RTPT, NCLIP back-face test, AVSZ3, NCCS; emits POLY_FT3, 5-word records; forces the translucent bit and picks the blend mode from D_8009AFE5 and the first polygon's tpage.",HMD primitive driver; Model_GetPrimitiveHandler / func_8005FE44 select it.
function,0x80064248,ModelDriver_GouraudTriSemiTrans,high,"Hand-written GTE assembly read in full for the four shapes and by diff for the variants (notes/pc-build.md); the native port in src/pc/overrides/model_polygon_drivers.c is that reading and draws the Library's Ryu-Kishin model. This routine: RTPT, NCLIP back-face test, AVSZ3, NCCT; emits POLY_GT3, 6-word records; forces the translucent bit and picks the blend mode from D_8009AFE5 and the first polygon's tpage.",HMD primitive driver; Model_GetPrimitiveHandler / func_8005FE44 select it.
function,0x80064568,ModelDriver_FlatQuadSemiTrans,high,"Hand-written GTE assembly read in full for the four shapes and by diff for the variants (notes/pc-build.md); the native port in src/pc/overrides/model_polygon_drivers.c is that reading and draws the Library's Ryu-Kishin model. This routine: RTPT + RTPS, NCLIP back-face test, AVSZ4, NCCS; emits POLY_FT4, 6-word records; forces the translucent bit and picks the blend mode from D_8009AFE5 and the first polygon's tpage.",HMD primitive driver; Model_GetPrimitiveHandler / func_8005FE44 select it.
function,0x80064868,ModelDriver_GouraudQuadSemiTrans,high,"Hand-written GTE assembly read in full for the four shapes and by diff for the variants (notes/pc-build.md); the native port in src/pc/overrides/model_polygon_drivers.c is that reading and draws the Library's Ryu-Kishin model. This routine: RTPT + RTPS, NCLIP back-face test, AVSZ4, NCCT + NCCS; emits POLY_GT4, 7-word records; forces the translucent bit and picks the blend mode from D_8009AFE5 and the first polygon's tpage.",HMD primitive driver; Model_GetPrimitiveHandler / func_8005FE44 select it.
function,0x80064C1C,ModelDriver_FlatTriTiledSemiTrans,high,"Hand-written GTE assembly read in full for the four shapes and by diff for the variants (notes/pc-build.md); the native port in src/pc/overrides/model_polygon_drivers.c is that reading and draws the Library's Ryu-Kishin model. This routine: RTPT, NCLIP back-face test, AVSZ3, NCCS; emits POLY_FT3, 5-word records, each polygon preceded by its own texture-window word and followed by a reset; forces the translucent bit and picks the blend mode from D_8009AFE5 and the first polygon's tpage.",HMD primitive driver; Model_GetPrimitiveHandler / func_8005FE44 select it.
function,0x80064EF4,ModelDriver_GouraudTriTiledSemiTrans,high,"Hand-written GTE assembly read in full for the four shapes and by diff for the variants (notes/pc-build.md); the native port in src/pc/overrides/model_polygon_drivers.c is that reading and draws the Library's Ryu-Kishin model. This routine: RTPT, NCLIP back-face test, AVSZ3, NCCT; emits POLY_GT3, 6-word records, each polygon preceded by its own texture-window word and followed by a reset; forces the translucent bit and picks the blend mode from D_8009AFE5 and the first polygon's tpage.",HMD primitive driver; Model_GetPrimitiveHandler / func_8005FE44 select it.
function,0x80065234,ModelDriver_FlatQuadTiledSemiTrans,high,"Hand-written GTE assembly read in full for the four shapes and by diff for the variants (notes/pc-build.md); the native port in src/pc/overrides/model_polygon_drivers.c is that reading and draws the Library's Ryu-Kishin model. This routine: RTPT + RTPS, NCLIP back-face test, AVSZ4, NCCS; emits POLY_FT4, 6-word records, each polygon preceded by its own texture-window word and followed by a reset; forces the translucent bit and picks the blend mode from D_8009AFE5 and the first polygon's tpage.",HMD primitive driver; Model_GetPrimitiveHandler / func_8005FE44 select it.
function,0x80065554,ModelDriver_GouraudQuadTiledSemiTrans,high,"Hand-written GTE assembly read in full for the four shapes and by diff for the variants (notes/pc-build.md); the native port in src/pc/overrides/model_polygon_drivers.c is that reading and draws the Library's Ryu-Kishin model. This routine: RTPT + RTPS, NCLIP back-face test, AVSZ4, NCCT + NCCS; emits POLY_GT4, 7-word records, each polygon preceded by its own texture-window word and followed by a reset; forces the translucent bit and picks the blend mode from D_8009AFE5 and the first polygon's tpage.",HMD primitive driver; Model_GetPrimitiveHandler / func_8005FE44 select it.
function,0x80065928,ModelDriver_FlatTriBothSidedSemiTrans,high,"Hand-written GTE assembly read in full for the four shapes and by diff for the variants (notes/pc-build.md); the native port in src/pc/overrides/model_polygon_drivers.c is that reading and draws the Library's Ryu-Kishin model. This routine: RTPT, no NCLIP test, AVSZ3, NCCS; emits POLY_FT3, 5-word records; forces the translucent bit and picks the blend mode from D_8009AFE5 and the first polygon's tpage.",HMD primitive driver; Model_GetPrimitiveHandler / func_8005FE44 select it.
function,0x80065BCC,ModelDriver_GouraudTriBothSidedSemiTrans,high,"Hand-written GTE assembly read in full for the four shapes and by diff for the variants (notes/pc-build.md); the native port in src/pc/overrides/model_polygon_drivers.c is that reading and draws the Library's Ryu-Kishin model. This routine: RTPT, no NCLIP test, AVSZ3, NCCT; emits POLY_GT3, 6-word records; forces the translucent bit and picks the blend mode from D_8009AFE5 and the first polygon's tpage.",HMD primitive driver; Model_GetPrimitiveHandler / func_8005FE44 select it.
function,0x80065ED8,ModelDriver_FlatQuadBothSidedSemiTrans,high,"Hand-written GTE assembly read in full for the four shapes and by diff for the variants (notes/pc-build.md); the native port in src/pc/overrides/model_polygon_drivers.c is that reading and draws the Library's Ryu-Kishin model. This routine: RTPT + RTPS, no NCLIP test, AVSZ4, NCCS; emits POLY_FT4, 6-word records; forces the translucent bit and picks the blend mode from D_8009AFE5 and the first polygon's tpage.",HMD primitive driver; Model_GetPrimitiveHandler / func_8005FE44 select it.
function,0x800661C4,ModelDriver_GouraudQuadBothSidedSemiTrans,high,"Hand-written GTE assembly read in full for the four shapes and by diff for the variants (notes/pc-build.md); the native port in src/pc/overrides/model_polygon_drivers.c is that reading and draws the Library's Ryu-Kishin model. This routine: RTPT + RTPS, no NCLIP test, AVSZ4, NCCT + NCCS; emits POLY_GT4, 7-word records; forces the translucent bit and picks the blend mode from D_8009AFE5 and the first polygon's tpage.",HMD primitive driver; Model_GetPrimitiveHandler / func_8005FE44 select it.
function,0x80066564,ModelDriver_FlatTriTiledBothSidedSemiTrans,high,"Hand-written GTE assembly read in full for the four shapes and by diff for the variants (notes/pc-build.md); the native port in src/pc/overrides/model_polygon_drivers.c is that reading and draws the Library's Ryu-Kishin model. This routine: RTPT, no NCLIP test, AVSZ3, NCCS; emits POLY_FT3, 5-word records, each polygon preceded by its own texture-window word and followed by a reset; forces the translucent bit and picks the blend mode from D_8009AFE5 and the first polygon's tpage.",HMD primitive driver; Model_GetPrimitiveHandler / func_8005FE44 select it.
function,0x80066828,ModelDriver_GouraudTriTiledBothSidedSemiTrans,high,"Hand-written GTE assembly read in full for the four shapes and by diff for the variants (notes/pc-build.md); the native port in src/pc/overrides/model_polygon_drivers.c is that reading and draws the Library's Ryu-Kishin model. This routine: RTPT, no NCLIP test, AVSZ3, NCCT; emits POLY_GT3, 6-word records, each polygon preceded by its own texture-window word and followed by a reset; forces the translucent bit and picks the blend mode from D_8009AFE5 and the first polygon's tpage.",HMD primitive driver; Model_GetPrimitiveHandler / func_8005FE44 select it.
function,0x80066B54,ModelDriver_FlatQuadTiledBothSidedSemiTrans,high,"Hand-written GTE assembly read in full for the four shapes and by diff for the variants (notes/pc-build.md); the native port in src/pc/overrides/model_polygon_drivers.c is that reading and draws the Library's Ryu-Kishin model. This routine: RTPT + RTPS, no NCLIP test, AVSZ4, NCCS; emits POLY_FT4, 6-word records, each polygon preceded by its own texture-window word and followed by a reset; forces the translucent bit and picks the blend mode from D_8009AFE5 and the first polygon's tpage.",HMD primitive driver; Model_GetPrimitiveHandler / func_8005FE44 select it.
function,0x80066E60,ModelDriver_GouraudQuadTiledBothSidedSemiTrans,high,"Hand-written GTE assembly read in full for the four shapes and by diff for the variants (notes/pc-build.md); the native port in src/pc/overrides/model_polygon_drivers.c is that reading and draws the Library's Ryu-Kishin model. This routine: RTPT + RTPS, no NCLIP test, AVSZ4, NCCT + NCCS; emits POLY_GT4, 7-word records, each polygon preceded by its own texture-window word and followed by a reset; forces the translucent bit and picks the blend mode from D_8009AFE5 and the first polygon's tpage.",HMD primitive driver; Model_GetPrimitiveHandler / func_8005FE44 select it.
function,0x80067354,ModelDriver_SharedGouraudTri,high,"Hand-written GTE assembly read in full for the four shapes and by diff for the variants (notes/pc-build.md); the native port in src/pc/overrides/model_polygon_drivers.c is that reading and draws the Library's Ryu-Kishin model. This routine issues no RTPS/RTPT: it reads screen xy and SZ from the eight-byte results at scratch+0x1C, drops a polygon with a -1 result, NCLIP on the stored points (a quad is kept if either triangle faces the viewer), AVSZ3, and takes colours from the slots at scratch+0x24 (+4 when D_8009AFE0 is set); draws nothing when D_8009AFE4 is 1.",Shared-vertex HMD polygon driver for type 0x0120000D; consumes ModelDriver_SharedPreCalc's output.
function,0x8006759C,ModelDriver_SharedGouraudQuad,high,"Hand-written GTE assembly read in full for the four shapes and by diff for the variants (notes/pc-build.md); the native port in src/pc/overrides/model_polygon_drivers.c is that reading and draws the Library's Ryu-Kishin model. This routine issues no RTPS/RTPT: it reads screen xy and SZ from the eight-byte results at scratch+0x1C, drops a polygon with a -1 result, NCLIP on the stored points (a quad is kept if either triangle faces the viewer), AVSZ4, and takes colours from the slots at scratch+0x24 (+4 when D_8009AFE0 is set); draws nothing when D_8009AFE4 is 1.",Shared-vertex HMD polygon driver for type 0x01200015; consumes ModelDriver_SharedPreCalc's output.
function,0x80067858,ModelDriver_SharedGouraudTriTiled,high,"Hand-written GTE assembly read in full for the four shapes and by diff for the variants (notes/pc-build.md); the native port in src/pc/overrides/model_polygon_drivers.c is that reading and draws the Library's Ryu-Kishin model. This routine issues no RTPS/RTPT: it reads screen xy and SZ from the eight-byte results at scratch+0x1C, drops a polygon with a -1 result, NCLIP on the stored points (a quad is kept if either triangle faces the viewer), AVSZ3, and takes colours from the slots at scratch+0x24 (+4 when D_8009AFE0 is set); draws nothing when D_8009AFE4 is 1.",Shared-vertex HMD polygon driver for type 0x0120020D; consumes ModelDriver_SharedPreCalc's output.
function,0x80067ABC,ModelDriver_SharedGouraudQuadTiled,high,"Hand-written GTE assembly read in full for the four shapes and by diff for the variants (notes/pc-build.md); the native port in src/pc/overrides/model_polygon_drivers.c is that reading and draws the Library's Ryu-Kishin model. This routine issues no RTPS/RTPT: it reads screen xy and SZ from the eight-byte results at scratch+0x1C, drops a polygon with a -1 result, NCLIP on the stored points (a quad is kept if either triangle faces the viewer), AVSZ4, and takes colours from the slots at scratch+0x24 (+4 when D_8009AFE0 is set); draws nothing when D_8009AFE4 is 1.",Shared-vertex HMD polygon driver for type 0x01200215; consumes ModelDriver_SharedPreCalc's output.
function,0x80067D94,ModelDriver_SharedGouraudTriBothSided,high,"Hand-written GTE assembly read in full for the four shapes and by diff for the variants (notes/pc-build.md); the native port in src/pc/overrides/model_polygon_drivers.c is that reading and draws the Library's Ryu-Kishin model. This routine issues no RTPS/RTPT: it reads screen xy and SZ from the eight-byte results at scratch+0x1C, drops a polygon with a -1 result, AVSZ3, and takes colours from the slots at scratch+0x24 (+4 when D_8009AFE0 is set); draws nothing when D_8009AFE4 is 1.",Shared-vertex HMD polygon driver for type 0x0130000D; consumes ModelDriver_SharedPreCalc's output.
function,0x80067FD0,ModelDriver_SharedGouraudQuadBothSided,high,"Hand-written GTE assembly read in full for the four shapes and by diff for the variants (notes/pc-build.md); the native port in src/pc/overrides/model_polygon_drivers.c is that reading and draws the Library's Ryu-Kishin model. This routine issues no RTPS/RTPT: it reads screen xy and SZ from the eight-byte results at scratch+0x1C, drops a polygon with a -1 result, AVSZ4, and takes colours from the slots at scratch+0x24 (+4 when D_8009AFE0 is set); draws nothing when D_8009AFE4 is 1.",Shared-vertex HMD polygon driver for type 0x01300015; consumes ModelDriver_SharedPreCalc's output.
function,0x8006825C,ModelDriver_SharedGouraudTriTiledBothSided,high,"Hand-written GTE assembly read in full for the four shapes and by diff for the variants (notes/pc-build.md); the native port in src/pc/overrides/model_polygon_drivers.c is that reading and draws the Library's Ryu-Kishin model. This routine issues no RTPS/RTPT: it reads screen xy and SZ from the eight-byte results at scratch+0x1C, drops a polygon with a -1 result, AVSZ3, and takes colours from the slots at scratch+0x24 (+4 when D_8009AFE0 is set); draws nothing when D_8009AFE4 is 1.",Shared-vertex HMD polygon driver for type 0x0130020D; consumes ModelDriver_SharedPreCalc's output.
function,0x800684B4,ModelDriver_SharedGouraudQuadTiledBothSided,high,"Hand-written GTE assembly read in full for the four shapes and by diff for the variants (notes/pc-build.md); the native port in src/pc/overrides/model_polygon_drivers.c is that reading and draws the Library's Ryu-Kishin model. This routine issues no RTPS/RTPT: it reads screen xy and SZ from the eight-byte results at scratch+0x1C, drops a polygon with a -1 result, AVSZ4, and takes colours from the slots at scratch+0x24 (+4 when D_8009AFE0 is set); draws nothing when D_8009AFE4 is 1.",Shared-vertex HMD polygon driver for type 0x01300215; consumes ModelDriver_SharedPreCalc's output.
function,0x8006875C,ModelDriver_SharedGouraudTriSemiTrans,high,"Hand-written GTE assembly read in full for the four shapes and by diff for the variants (notes/pc-build.md); the native port in src/pc/overrides/model_polygon_drivers.c is that reading and draws the Library's Ryu-Kishin model. This routine issues no RTPS/RTPT: it reads screen xy and SZ from the eight-byte results at scratch+0x1C, drops a polygon with a -1 result, NCLIP on the stored points (a quad is kept if either triangle faces the viewer), AVSZ3, and takes colours from the slots at scratch+0x24 (+4 when D_8009AFE0 is set); draws nothing when D_8009AFE4 is 1.",Shared-vertex HMD polygon driver; consumes ModelDriver_SharedPreCalc's output.
function,0x80068A00,ModelDriver_SharedGouraudQuadSemiTrans,high,"Hand-written GTE assembly read in full for the four shapes and by diff for the variants (notes/pc-build.md); the native port in src/pc/overrides/model_polygon_drivers.c is that reading and draws the Library's Ryu-Kishin model. This routine issues no RTPS/RTPT: it reads screen xy and SZ from the eight-byte results at scratch+0x1C, drops a polygon with a -1 result, NCLIP on the stored points (a quad is kept if either triangle faces the viewer), AVSZ4, and takes colours from the slots at scratch+0x24 (+4 when D_8009AFE0 is set); draws nothing when D_8009AFE4 is 1.",Shared-vertex HMD polygon driver; consumes ModelDriver_SharedPreCalc's output.
function,0x80068D18,ModelDriver_SharedGouraudTriTiledSemiTrans,high,"Hand-written GTE assembly read in full for the four shapes and by diff for the variants (notes/pc-build.md); the native port in src/pc/overrides/model_polygon_drivers.c is that reading and draws the Library's Ryu-Kishin model. This routine issues no RTPS/RTPT: it reads screen xy and SZ from the eight-byte results at scratch+0x1C, drops a polygon with a -1 result, NCLIP on the stored points (a quad is kept if either triangle faces the viewer), AVSZ3, and takes colours from the slots at scratch+0x24 (+4 when D_8009AFE0 is set); draws nothing when D_8009AFE4 is 1.",Shared-vertex HMD polygon driver; consumes ModelDriver_SharedPreCalc's output.
function,0x80068FD8,ModelDriver_SharedGouraudQuadTiledSemiTrans,high,"Hand-written GTE assembly read in full for the four shapes and by diff for the variants (notes/pc-build.md); the native port in src/pc/overrides/model_polygon_drivers.c is that reading and draws the Library's Ryu-Kishin model. This routine issues no RTPS/RTPT: it reads screen xy and SZ from the eight-byte results at scratch+0x1C, drops a polygon with a -1 result, NCLIP on the stored points (a quad is kept if either triangle faces the viewer), AVSZ4, and takes colours from the slots at scratch+0x24 (+4 when D_8009AFE0 is set); draws nothing when D_8009AFE4 is 1.",Shared-vertex HMD polygon driver; consumes ModelDriver_SharedPreCalc's output.
function,0x8006930C,ModelDriver_SharedGouraudTriBothSidedSemiTrans,high,"Hand-written GTE assembly read in full for the four shapes and by diff for the variants (notes/pc-build.md); the native port in src/pc/overrides/model_polygon_drivers.c is that reading and draws the Library's Ryu-Kishin model. This routine issues no RTPS/RTPT: it reads screen xy and SZ from the eight-byte results at scratch+0x1C, drops a polygon with a -1 result, AVSZ3, and takes colours from the slots at scratch+0x24 (+4 when D_8009AFE0 is set); draws nothing when D_8009AFE4 is 1.",Shared-vertex HMD polygon driver; consumes ModelDriver_SharedPreCalc's output.
function,0x800695A4,ModelDriver_SharedGouraudQuadBothSidedSemiTrans,high,"Hand-written GTE assembly read in full for the four shapes and by diff for the variants (notes/pc-build.md); the native port in src/pc/overrides/model_polygon_drivers.c is that reading and draws the Library's Ryu-Kishin model. This routine issues no RTPS/RTPT: it reads screen xy and SZ from the eight-byte results at scratch+0x1C, drops a polygon with a -1 result, AVSZ4, and takes colours from the slots at scratch+0x24 (+4 when D_8009AFE0 is set); draws nothing when D_8009AFE4 is 1.",Shared-vertex HMD polygon driver; consumes ModelDriver_SharedPreCalc's output.
function,0x8006988C,ModelDriver_SharedGouraudTriTiledBothSidedSemiTrans,high,"Hand-written GTE assembly read in full for the four shapes and by diff for the variants (notes/pc-build.md); the native port in src/pc/overrides/model_polygon_drivers.c is that reading and draws the Library's Ryu-Kishin model. This routine issues no RTPS/RTPT: it reads screen xy and SZ from the eight-byte results at scratch+0x1C, drops a polygon with a -1 result, AVSZ3, and takes colours from the slots at scratch+0x24 (+4 when D_8009AFE0 is set); draws nothing when D_8009AFE4 is 1.",Shared-vertex HMD polygon driver; consumes ModelDriver_SharedPreCalc's output.
function,0x80069B40,ModelDriver_SharedGouraudQuadTiledBothSidedSemiTrans,high,"Hand-written GTE assembly read in full for the four shapes and by diff for the variants (notes/pc-build.md); the native port in src/pc/overrides/model_polygon_drivers.c is that reading and draws the Library's Ryu-Kishin model. This routine issues no RTPS/RTPT: it reads screen xy and SZ from the eight-byte results at scratch+0x1C, drops a polygon with a -1 result, AVSZ4, and takes colours from the slots at scratch+0x24 (+4 when D_8009AFE0 is set); draws nothing when D_8009AFE4 is 1.",Shared-vertex HMD polygon driver; consumes ModelDriver_SharedPreCalc's output.
function,0x80067220,ModelDriver_SharedPreCalc,high,"Hand-written GTE assembly read in full for the four shapes and by diff for the variants (notes/pc-build.md); the native port in src/pc/overrides/model_polygon_drivers.c is that reading and draws the Library's Ryu-Kishin model. This routine: RTPS over primitive word 1 vertices from scratch+0x18 into eight-byte results at scratch+0x1C (SXY2; IR0 << 16 | SZ3; -1 kept when FLAG is negative and the mode is not 1), then, unless D_8009AFE4 is 0, NCCS over word 4 normals from scratch+0x20 into scratch+0x24; returns the primitive pointer + 0x1C.",Shared-vertex pre-calculation driver.
function,0x80069E44,ModelDriver_OutlineFlatTri,high,"Hand-written GTE assembly read in full for the four shapes and by diff for the variants (notes/pc-build.md); the native port in src/pc/overrides/model_polygon_drivers.c is that reading and draws the Library's Ryu-Kishin model. This routine walks 5-word records records but emits the draw-mode word D_8009AFD4 and one closed polyline v0 v1 v2 v0 from D_8009AFD0 terminated by 0x55555555 (RTPT); no lighting, no culling; skipped when D_8009AFE4 is 1. Not yet seen running.",Wireframe form of the polygon drivers.
function,0x80069F94,ModelDriver_OutlineGouraudTri,high,"Hand-written GTE assembly read in full for the four shapes and by diff for the variants (notes/pc-build.md); the native port in src/pc/overrides/model_polygon_drivers.c is that reading and draws the Library's Ryu-Kishin model. This routine walks 6-word records records but emits the draw-mode word D_8009AFD4 and one closed polyline v0 v1 v2 v0 from D_8009AFD0 terminated by 0x55555555 (RTPT); no lighting, no culling; skipped when D_8009AFE4 is 1. Not yet seen running.",Wireframe form of the polygon drivers.
function,0x8006A0E8,ModelDriver_OutlineFlatQuad,high,"Hand-written GTE assembly read in full for the four shapes and by diff for the variants (notes/pc-build.md); the native port in src/pc/overrides/model_polygon_drivers.c is that reading and draws the Library's Ryu-Kishin model. This routine walks 6-word records records but emits the draw-mode word D_8009AFD4 and two three-point polylines (v0 v1 v3, v3 v2 v0) from D_8009AFCC terminated by 0x55555555 (RTPT + RTPS); no lighting, no culling; skipped when D_8009AFE4 is 1. Not yet seen running.",Wireframe form of the polygon drivers.
function,0x8006A268,ModelDriver_OutlineGouraudQuad,high,"Hand-written GTE assembly read in full for the four shapes and by diff for the variants (notes/pc-build.md); the native port in src/pc/overrides/model_polygon_drivers.c is that reading and draws the Library's Ryu-Kishin model. This routine walks 7-word records records but emits the draw-mode word D_8009AFD4 and two three-point polylines (v0 v1 v3, v3 v2 v0) from D_8009AFCC terminated by 0x55555555 (RTPT + RTPS); no lighting, no culling; skipped when D_8009AFE4 is 1. Not yet seen running.",Wireframe form of the polygon drivers.
function,0x8006A3F0,ModelDriver_OutlineFlatTriTiled,high,"Hand-written GTE assembly read in full for the four shapes and by diff for the variants (notes/pc-build.md); the native port in src/pc/overrides/model_polygon_drivers.c is that reading and draws the Library's Ryu-Kishin model. This routine walks 5-word records records but emits the draw-mode word D_8009AFD4 and one closed polyline v0 v1 v2 v0 from D_8009AFD0 terminated by 0x55555555 (RTPT); no lighting, no culling; skipped when D_8009AFE4 is 1. Not yet seen running.",Wireframe form of the polygon drivers.
function,0x8006A540,ModelDriver_OutlineGouraudTriTiled,high,"Hand-written GTE assembly read in full for the four shapes and by diff for the variants (notes/pc-build.md); the native port in src/pc/overrides/model_polygon_drivers.c is that reading and draws the Library's Ryu-Kishin model. This routine walks 6-word records records but emits the draw-mode word D_8009AFD4 and one closed polyline v0 v1 v2 v0 from D_8009AFD0 terminated by 0x55555555 (RTPT); no lighting, no culling; skipped when D_8009AFE4 is 1. Not yet seen running.",Wireframe form of the polygon drivers.
function,0x8006A694,ModelDriver_OutlineFlatQuadTiled,high,"Hand-written GTE assembly read in full for the four shapes and by diff for the variants (notes/pc-build.md); the native port in src/pc/overrides/model_polygon_drivers.c is that reading and draws the Library's Ryu-Kishin model. This routine walks 6-word records records but emits the draw-mode word D_8009AFD4 and two three-point polylines (v0 v1 v3, v3 v2 v0) from D_8009AFCC terminated by 0x55555555 (RTPT + RTPS); no lighting, no culling; skipped when D_8009AFE4 is 1. Not yet seen running.",Wireframe form of the polygon drivers.
function,0x8006A814,ModelDriver_OutlineGouraudQuadTiled,high,"Hand-written GTE assembly read in full for the four shapes and by diff for the variants (notes/pc-build.md); the native port in src/pc/overrides/model_polygon_drivers.c is that reading and draws the Library's Ryu-Kishin model. This routine walks 7-word records records but emits the draw-mode word D_8009AFD4 and two three-point polylines (v0 v1 v3, v3 v2 v0) from D_8009AFCC terminated by 0x55555555 (RTPT + RTPS); no lighting, no culling; skipped when D_8009AFE4 is 1. Not yet seen running.",Wireframe form of the polygon drivers.
function,0x8006A99C,ModelDriver_OutlineSharedGouraudTri,high,"Hand-written GTE assembly read in full for the four shapes and by diff for the variants (notes/pc-build.md); the native port in src/pc/overrides/model_polygon_drivers.c is that reading and draws the Library's Ryu-Kishin model. This routine walks 6-word records records but emits the draw-mode word D_8009AFD4 and one closed polyline v0 v1 v2 v0 from D_8009AFD0 terminated by 0x55555555 (screen points from the shared results); no lighting, no culling; skipped when D_8009AFE4 is 1. Not yet seen running.",Wireframe form of the polygon drivers.
function,0x8006AAFC,ModelDriver_OutlineSharedGouraudQuad,high,"Hand-written GTE assembly read in full for the four shapes and by diff for the variants (notes/pc-build.md); the native port in src/pc/overrides/model_polygon_drivers.c is that reading and draws the Library's Ryu-Kishin model. This routine walks 7-word records records but emits the draw-mode word D_8009AFD4 and two three-point polylines (v0 v1 v3, v3 v2 v0) from D_8009AFCC terminated by 0x55555555 (screen points from the shared results); no lighting, no culling; skipped when D_8009AFE4 is 1. Not yet seen running.",Wireframe form of the polygon drivers.
function,0x8006AC88,ModelDriver_OutlineSharedGouraudTriTiled,high,"Hand-written GTE assembly read in full for the four shapes and by diff for the variants (notes/pc-build.md); the native port in src/pc/overrides/model_polygon_drivers.c is that reading and draws the Library's Ryu-Kishin model. This routine walks 6-word records records but emits the draw-mode word D_8009AFD4 and one closed polyline v0 v1 v2 v0 from D_8009AFD0 terminated by 0x55555555 (screen points from the shared results); no lighting, no culling; skipped when D_8009AFE4 is 1. Not yet seen running.",Wireframe form of the polygon drivers.
function,0x8006ADE8,ModelDriver_OutlineSharedGouraudQuadTiled,high,"Hand-written GTE assembly read in full for the four shapes and by diff for the variants (notes/pc-build.md); the native port in src/pc/overrides/model_polygon_drivers.c is that reading and draws the Library's Ryu-Kishin model. This routine walks 7-word records records but emits the draw-mode word D_8009AFD4 and two three-point polylines (v0 v1 v3, v3 v2 v0) from D_8009AFCC terminated by 0x55555555 (screen points from the shared results); no lighting, no culling; skipped when D_8009AFE4 is 1. Not yet seen running.",Wireframe form of the polygon drivers.
global,0x8009AFAC,gModelDriver_dwFlatTriTemplate,high,Read by the model polygon drivers (0x800612C0-0x8006ADE8): colour and GPU code word written to GTE RGBC by the flat-triangle drivers.,See src/pc/overrides/model_polygon_drivers.c.
global,0x8009AFB0,gModelDriver_dwFlatQuadTemplate,high,Read by the model polygon drivers (0x800612C0-0x8006ADE8): as above for flat quads.,See src/pc/overrides/model_polygon_drivers.c.
global,0x8009AFB4,gModelDriver_dwGouraudTriTemplate,high,Read by the model polygon drivers (0x800612C0-0x8006ADE8): as above for Gouraud triangles; ModelDriver_SharedPreCalc uses its low 24 bits.,See src/pc/overrides/model_polygon_drivers.c.
global,0x8009AFB8,gModelDriver_dwGouraudQuadTemplate,high,Read by the model polygon drivers (0x800612C0-0x8006ADE8): as above for Gouraud quads.,See src/pc/overrides/model_polygon_drivers.c.
global,0x8009AFD8,gModelDriver_dwTexturePageBits,high,Read by the model polygon drivers (0x800612C0-0x8006ADE8): ORed into every polygon's tpage word.,See src/pc/overrides/model_polygon_drivers.c.
global,0x8009AFDC,gModelDriver_dwSecondPassClut,high,"Read by the model polygon drivers (0x800612C0-0x8006ADE8): when set and the template is translucent, each polygon is drawn a second time with this CLUT, blend mode 2 and the template colour.",See src/pc/overrides/model_polygon_drivers.c.
global,0x8009AFE0,gModelDriver_pColourCache,high,"Read by the model polygon drivers (0x800612C0-0x8006ADE8): word-per-normal colour cache: filled when lighting runs, read when D_8009AFE4 is 0.",See src/pc/overrides/model_polygon_drivers.c.
global,0x8009AFE4,gModelDriver_bLightingMode,high,"Read by the model polygon drivers (0x800612C0-0x8006ADE8): 0 cached colours, 1 fill the cache and draw nothing, otherwise light every polygon.",See src/pc/overrides/model_polygon_drivers.c.
global,0x8009AFE5,gModelDriver_bSemiTransOverride,high,Read by the model polygon drivers (0x800612C0-0x8006ADE8): read only by the SemiTrans bank: non-zero keeps D_8009AFD8 as the blend bits and disables the second pass.,See src/pc/overrides/model_polygon_drivers.c.
field,0x800F2848+0x00,ViewState.distance,high,"The orbit radius ViewState_ApplyOrbit multiplies by rcos/rsin before ViewState_ApplyViewpointOffset. Watched live in the duel (MEMORIES_TRACE_MODS): 600 while the field is played from above, tweening to 334 as the camera flies in to pick a zone, and duel_phase_entry walks it 0x4B0 -> 0x258.","view_state.h calls it field_00. Measured in the port's Mods > 3D Monsters pass, which reads the same camera."
field,0x800F2848+0x04,ViewState.pitch,high,"The second orbit angle in ViewState_ApplyOrbit, in the game's 4096-unit turn. Watched live in the duel: 256 (22.5 degrees above the mat) for the view the duel is played from, tweening to 1022 (level with the mat) for the zone picker, the card-use view and the guardian-star presentation. func_800178BC sets that 0x3FE itself.","view_state.h calls it field_04. Mods > 3D Monsters draws only below 512, which is what tells the two cameras apart."
field,0x800F2C40+0xDFE,ModelSlot.stance,high,"Model_LoadMonsterMerge copies its p4 argument here and then passes it as FileTransferDescriptor.position, which func_80056D7C reads as its `alternate` selector: phases 4 and 6 upload one of two texture sets and phases 7-10 copy one of two variant modules from it. func_800559D4 also compares field_BF5 with field_DFE + 3.","model.h calls it field_DFE, 'the fourth property'. The port loads a defending monster with 1 and an attacking one with 0 (src/pc/mods/field_models.c)."
field,0x800F2C40+0xE1D,ModelSlot.quiet_load,high,"Set from bit 0x80 of Model_LoadMonsterMerge's slot argument. func_80056D7C skips the sequence-bank sector (phase 13) and the 50-sector voice block (phase 14) when it is set and leaves the three control-module command words at field_CF8+0x10 as -1; func_80056828 then skips the sound bank, and both module dispatchers skip a negative command.","model.h calls it field_E1D. The port's field models load with it set, which is why they need no per-monster module (src/pc/mods/field_models.c)."
routine,0x80015EF4,Duel_DrawFieldCard,high,"Draws one field card: four corners through RotTransSV and RotColorDpq, then GsSortPoly into D_800E9D90[2] at (sum of the four depths)/4 >> 2 -- a sixteenth of the distance, where a model's primitives sort at a quarter of theirs. The port quarters the GTE Z factors for its field models to put the two on one scale.",Already named in the tree as func_80015EF4; the depth scale is what the port measured.
global,0x8009B229,gDuel_bBattleUse3DPresentation,high,"DuelScene_UpdateFieldActions (0x8001D670) clears it at the attack-target step and sets it to 1 only when the confirming press is the game's 0x80 bit (Square: the pad word the game reads is byte-swapped relative to the raw pad, so 0xC0 there is Cross|Square); DuelScene_UpdateBattle (0x8001F55C) then takes state 5, which fills D_800EF658's two AnimatedBattleModelProperties and starts the model scene, instead of state 7, the card clash with effect 2. Reproduced in the PC port from slot1.state: Square on the target gave the 3D arena battle, Cross the card clash.",Byte flag. Name inferred from the behaviour; the flag is verified.
global,0x80095168,gPsyq_adwCatanTable,high,"catan (0x80086CF0) runs twelve CORDIC steps reading one word per step from here (lui 0x8009, addiu 20840) and adding or subtracting it from the angle accumulator; the values read from the image are 511, 302, 159, 81, 41, 20, 10, 5, 3, 1, 0, 0. The native port in src/pc/sdk/libgte_extra.c reads it in place.",Twelve words: atan(2^-i) in 4096ths of a turn. Name inferred from the routine.
function,0x801462B0,WA_DuelEffectDispatch,high,"The entry the resident DuelEffect_UpdateRequests calls with (id, state, buffer, request) into the WA bank every duel package copies to 0x80146000 (notes/overlays/runtime-loader.md). Its disassembly compares the id against 1..24 in sequence and jumps to one handler each; state < 0 first initializes 21 entries through 0x8015013C. Run whole under the port's interpreter for every id (2026-09-21).",Overlay code with no C source; the name describes the role.
global,0x801D9000,gText_adwGlyphCodeTable,high,"Text_SjisToGlyphCodes (0x8003BC40) scans u32 words from index 1 until a zero word and emits the index whose low halfword equals the Shift-JIS code it was given. Read from the verified SLUS: 91 entries after the unused word 0, the low halves being full-width Latin letters, digits and punctuation (0x8285 'e' first, then by frequency); glyph 0 is the space. Decoding card 1's name through it gives 'Blue-eyes White Dragon' and card 58's 'Kuriboh'; the port's card names (src/pc/cards/cards.c) are encoded through it and drawn by the game.","u32 per glyph code, Shift-JIS in the low half. notes/card-catalog.md already names it gText_adwGlyphCodeTable."
global,0x801B121D,gLibrary_szCountHeading,high,"Entry 0xF8 of the D_801C0000 offset table is 0x121D, and func_8002BFCC (library_runtime.c) builds its heading with TextBox_Create(3, 0xF8, ...). The bytes are glyph '<', F8 03 with the address 0x801D5608 and width byte 0x83 (func_80038148 prints D_801D5608[0].library_count as three zero-padded digits), then '/722>' and 0xFF. The string ends at 0x801B122A, one byte before D_801B122B. The port's replacement for more cards is drawn in its place.",The Library's '<seen/722>' heading. The name is inferred from what it says; the bytes and the lookup are verified.
field,0x8009B45C->0x004E,SDValue.field_004E (current command argument),high,"SD_UpdateRuntime copies the dequeued SDCommand.field_0002 here before func_80045514 runs it. For command 0x48 (SD_RequestBgmPlayback) it is the song number with SD_BGMPlay's 0x7000 base removed: func_80045514 indexes the music package's track table with its low nibble. Traced in the port (audio replacement, MEMORIES_TRACE=mods): 0x000 when the title screen's song starts (frame 630 of a cold boot), 0x010 for the main menu after Start and Cross. For command 0x24 it is the XA entry index (id + 0x8000/0x7000/0x6000, truncated to 16 bits, by func_80045208).",The port keys replaced songs by it (src/pc/audio/replace.h); replacing 0x000 and 0x010 with test tones was verified in the dumped audio.
field,0x8009B45C->0x0054,SDValue.field_0054 (command word 2; XA class),high,"SD_UpdateRuntime copies SDCommand.field_0008 here. func_80045208 and func_80045334 put 0x50, 0x60 or 0x70 there for XA ids 0x8xxx, 0x9xxx and 0xAxxx, and 0x24 reads the entry through field_0058 + field_004E * 8. Rebuilding the id from class and field_004E & 0xFFF gave 0x8020 for func_8003FF88(0x8020) at runtime.",For command 0x48 the same word is the fade-in step.
field,0x8009B45C->0x157C,SDValue.field_157C (song playing),high,"func_80045514 case 0x48 stores field_004E here once SD_OpenSequence succeeds, beside setting flags_0040 bit 0x80. The port reads it after loading a save state (field_157E == 0 and flags_0040 & 0x80) to restart the song's replacement; a state saved during the main menu restarted song 0x010.",
field,0x8009B45C->0x0044,SDValue.field_0044 (music volume),high,"SD_UpdateFades scales it by (field_1580 + 1) / 256 and (field_1586 + 1) / 256 into the level passed to SD_SetSecondaryMasterLevels, which SD_SetVoiceVolume (sound_voice_volume.c) applies to each music voice as (volume * level) >> 7. The boot prints ""Set SMF Mixer Out:150"" and the level measured with no fade is 150, so full-scale music is above 127.",The port treats it as the level at which a replacement song plays at its own volume.
function,0x80032328,func_80032328,high,"Requests WA_MRG sector 0x2189 (76 sectors) with func_80032184 as the stage callback and waits. Called by func_800323F8 (Build Deck setup, BGM 0x70E0) and Main_RunTrade. A MEMORIES_DUMP_TEXTURES capture of Build Deck (list panes, sort orders, card view) traced every drawn texel of the screen's own art to WA offsets 0x10C4800-0x10EA640, i.e. this package.","The Build Deck / Trade screen package loader. extract_images.py had it at WA 0x1112800 (sector 0x2225), which is not this package; fixed to 0x10C4800 = 0x2189 * 2048."
function,0x80032184,func_80032184,high,"Stage callback of func_80032328: phase 0 streams 64 sectors to VRAM (768, 256) in 64x16 tiles, phase 1 8 sectors to (832, 0), phase 2 reads 4 sectors and phase 3 uploads them as the 256x16 palette at (256, 240). The Build Deck dump's palettes (rows 7, 8 and 15 of that block) are at WA 0x10E8800 + row * 0x200, the 73rd sector of the package.","Build Deck package stages; palette block at WA 0x10E8800."
global,0x80184558,(title logo object),high,"Hiding this display object after MainMenu_InitFrontendMenu (PC build, title_screen.c, 2026-09-29) removes the YU-GI-OH! FORBIDDEN MEMORIES logo and nothing else. Sprite at (0,0), resource selectors 5,0,0, tpage 0x1A, palette row 241.","Not renamed; the mods' title key calls it ""logo""."
global,0x8018455C,(title copyright object),high,"Hiding it removes only the ""(c) 1996 KAZUKI TAKAHASHI"" line under PUSH START BUTTON. Sprite at (0,8), selectors 5,0,2.","Not renamed; the title key calls it ""copyright""."
global,0x80184560,(title PUSH START BUTTON object),high,"Moving it 40 pixels right moves only PUSH START BUTTON; MainMenu_UpdateFrontendMenu pulses its colour and hides it on START. Sprite at (0,8), selectors 5,0,1.","Not renamed; the title key calls it ""prompt""."
global,0x80184595,(title menu back flag),high,"Set by Circle in the second menu (frontend_update.c); at the end of the slide out it sends the second menu to the first (gMain_bMenuID 1) or, with gMain_bMenuID under 5, clears the entries and fades back to PUSH START BUTTON (D_80184598 = -1). The menu API's back action sets it from either menu and both paths run (PC build, 2026-09-30).","Not renamed; the first-menu path is unreachable in retail, which never sets it there."
global,0x80184596,(title menu slide direction),high,"MainMenu_StartFrontendEntryTransition's mode: 0 the entries slide in from alternate sides (even entries from x -0xA0, odd from 0x1E0) to 0xA0, 1 they slide out; checked at the slide's end to return the choice. title_menu.c reads it to slide its own items the same way (2026-09-30).","Not renamed."
global,0x80184599,(title menu slide running),high,"Set by MainMenu_StartFrontendEntryTransition, cleared when every entry's field_60 timer (16 ticks, sin-eased x from field_36 to field_38) has run out; while set the update neither moves the cursor nor takes a choice.","Not renamed."
